<?xml version="1.0" encoding="UTF-8"?>
<beans xmlns="http://www.springframework.org/schema/beans"
	xmlns:xsi="http://www.w3.org/2001/XMLSchema-instance"
	xmlns:context="http://www.springframework.org/schema/context"
	xsi:schemaLocation="http://www.springframework.org/schema/beans http://www.springframework.org/schema/beans/spring-beans.xsd
		http://www.springframework.org/schema/context http://www.springframework.org/schema/context/spring-context-4.3.xsd">

	<bean id="c" class="com.amdocs.training.model.Course">
		<constructor-arg name="course_id" value="1111"/>
		<constructor-arg name="c_name" value="Angular"/>
		<constructor-arg name="c_fees" value="15000"/>
		<constructor-arg name="c_desp" value="Web Development"/>
		<constructor-arg name="c_resource" value="video.mp4"/>
		
	</bean>
	<bean id="user" class="com.amdocs.training.model.User">
		<constructor-arg name="user_id" value="111"/>
		<constructor-arg name="name" value="Super User"/>
		<constructor-arg name="phone_no" value="7894561324"/>
		<constructor-arg name="email" value="abc@yahoo.com"/>
		<constructor-arg name="address" value="Nashik"/>
		<constructor-arg name="reg_date" value="2021-09-09"/>
		<constructor-arg name="password" value="abc"/>
		<constructor-arg name="upload_photo" value="image.jpg"/>
		<constructor-arg name="course" ref="c" />
	</bean>
</beans>
